Método,Resultado
Bisseção,1.578125
Falsa Posição,1.5832402266424355
Newton,1.5762514564589705
Método de Secante,1.5804516878517234
