Método,Resultado
Bisseção,2.390625
Falsa Posição,2.397391682897747
Newton,2.3893565279488804
Método de Secante,2.3953174451455905
